{"(5, 10, 0.3)": {"Gurobi": [0.046875, 0.0], "Subgrad": [0.0, 33], "SubgradPrimal": [0.0, 21], "SubgradPrimalRed": [0.0, 5], "SubgradPrimalRootRed": [0.0, 5], "SubgradPrimalRedBeasleyBranch": [0.0, 7], "LPPrimalRed": [0.015625, 23]}, "(5, 10, 0.5)": {"Gurobi": [0.0, 1.0], "Subgrad": [0.03125, 211], "SubgradPrimal": [0.078125, 203], "SubgradPrimalRed": [0.0, 49], "SubgradPrimalRootRed": [0.0, 51], "SubgradPrimalRedBeasleyBranch": [0.046875, 55], "LPPrimalRed": [0.0625, 183]}, "(5, 10, 0.7)": {"Gurobi": [0.0, 1.0], "Subgrad": [0.015625, 263], "SubgradPrimal": [0.015625, 253], "SubgradPrimalRed": [0.015625, 63], "SubgradPrimalRootRed": [0.015625, 71], "SubgradPrimalRedBeasleyBranch": [0.0625, 49], "LPPrimalRed": [0.140625, 323]}, "(10, 20, 0.3)": {"Gurobi": [0.0, 1.0], "Subgrad": [4.859375, 19973], "SubgradPrimal": [16.265625, 39189], "SubgradPrimalRed": [4.171875, 6313], "SubgradPrimalRootRed": [2.90625, 6323], "SubgradPrimalRedBeasleyBranch": [1.640625, 2231], "LPPrimalRed": [31.46875, 55541]}, "(10, 20, 0.5)": {"Gurobi": [0.015625, 50.0], "Subgrad": [12.46875, 54737], "SubgradPrimal": [20.5625, 50515], "SubgradPrimalRed": [7.375, 9833], "SubgradPrimalRootRed": [4.21875, 10431], "SubgradPrimalRedBeasleyBranch": [9.65625, 15731], "LPPrimalRed": [68.21875, 124795]}, "(10, 20, 0.7)": {"Gurobi": [0.0, 25.0], "Subgrad": [29.296875, 97731], "SubgradPrimal": [36.59375, 80731], "SubgradPrimalRed": [18.125, 21107], "SubgradPrimalRootRed": [12.046875, 22757], "SubgradPrimalRedBeasleyBranch": [9.8125, 13049], "LPPrimalRed": [118.484375, 209799]}, "(13, 22, 0.3)": {"Gurobi": [0.0, 1.0], "Subgrad": [20.84375, 85147], "SubgradPrimal": [33.453125, 82659], "SubgradPrimalRed": [7.59375, 9889], "SubgradPrimalRootRed": [5.359375, 12159], "SubgradPrimalRedBeasleyBranch": [3.546875, 4641], "LPPrimalRed": [64.21875, 117271]}, "(13, 22, 0.5)": {"Gurobi": [0.015625, 1.0], "Subgrad": [29.53125, 107217], "SubgradPrimal": [38.265625, 85605], "SubgradPrimalRed": [17.140625, 25719], "SubgradPrimalRootRed": [14.640625, 33459], "SubgradPrimalRedBeasleyBranch": [10.71875, 11809], "LPPrimalRed": [288.703125, 416059]}, "(13, 22, 0.7)": {"Gurobi": [0.0625, 1.0], "Subgrad": [94.359375, 255533], "SubgradPrimal": [116.96875, 202681], "SubgradPrimalRed": [43.140625, 39033], "SubgradPrimalRootRed": [29.984375, 44051], "SubgradPrimalRedBeasleyBranch": [42.46875, 38831], "LPPrimalRed": [NaN, NaN]}, "(15, 25, 0.3)": {"Gurobi": [0.0, 1.0], "Subgrad": [62.984375, 183249], "SubgradPrimal": [93.234375, 145459], "SubgradPrimalRed": [24.171875, 21561], "SubgradPrimalRootRed": [17.765625, 27331], "SubgradPrimalRedBeasleyBranch": [9.359375, 7761], "LPPrimalRed": [NaN, NaN]}, "(15, 25, 0.5)": {"Gurobi": [0.0, 59.0], "Subgrad": [NaN, NaN], "SubgradPrimal": [NaN, NaN], "SubgradPrimalRed": [161.3125, 151895], "SubgradPrimalRootRed": [113.96875, 180799], "SubgradPrimalRedBeasleyBranch": [38.21875, 35241], "LPPrimalRed": [NaN, NaN]}, "(15, 25, 0.7)": {"Gurobi": [0.0625, 384.0], "Subgrad": [NaN, NaN], "SubgradPrimal": [NaN, NaN], "SubgradPrimalRed": [291.484375, 266983], "SubgradPrimalRootRed": [248.046875, 365631], "SubgradPrimalRedBeasleyBranch": [127.390625, 113737], "LPPrimalRed": [NaN, NaN]}}