{"(7, 15, 0.3)": {"Gurobi": [0.09375, 1.0], "Subgrad": [0.078125, 217], "SubgradPrimal": [0.109375, 177], "SubgradPrimalRed": [0.046875, 53], "SubgradPrimalRootRed": [0.0625, 85], "SubgradPrimalRedBeasleyBranch": [0.0, 15], "LPPrimalCost": [0.03125, 45], "LPPrimalBeasley": [0.015625, 63], "DualRed": [0.03125, 39]}, "(7, 15, 0.5)": {"Gurobi": [0.015625, 1.0], "Subgrad": [0.484375, 1111], "SubgradPrimal": [0.375, 915], "SubgradPrimalRed": [0.15625, 211], "SubgradPrimalRootRed": [0.265625, 215], "SubgradPrimalRedBeasleyBranch": [0.546875, 279], "LPPrimalCost": [0.484375, 363], "LPPrimalBeasley": [0.609375, 407], "DualRed": [0.1875, 285]}, "(7, 15, 0.7)": {"Gurobi": [0.0, 1.0], "Subgrad": [0.421875, 509], "SubgradPrimal": [0.640625, 397], "SubgradPrimalRed": [0.140625, 81], "SubgradPrimalRootRed": [0.125, 83], "SubgradPrimalRedBeasleyBranch": [0.171875, 95], "LPPrimalCost": [0.8125, 747], "LPPrimalBeasley": [0.109375, 149], "DualRed": [0.046875, 63]}, "(10, 20, 0.3)": {"Gurobi": [0.0, 1.0], "Subgrad": [5.1875, 5857], "SubgradPrimal": [3.84375, 4849], "SubgradPrimalRed": [0.421875, 499], "SubgradPrimalRootRed": [0.59375, 487], "SubgradPrimalRedBeasleyBranch": [0.28125, 289], "LPPrimalCost": [1.5625, 2437], "LPPrimalBeasley": [1.4375, 1235], "DualRed": [0.203125, 281]}, "(10, 20, 0.5)": {"Gurobi": [0.109375, 217.0], "Subgrad": [4.78125, 10307], "SubgradPrimal": [9.375, 9115], "SubgradPrimalRed": [2.109375, 1555], "SubgradPrimalRootRed": [2.015625, 1897], "SubgradPrimalRedBeasleyBranch": [1.609375, 1575], "LPPrimalCost": [11.234375, 23375], "LPPrimalBeasley": [3.953125, 8337], "DualRed": [0.75, 1411]}, "(10, 20, 0.7)": {"Gurobi": [0.40625, 67.0], "Subgrad": [16.0625, 36473], "SubgradPrimal": [14.4375, 27799], "SubgradPrimalRed": [0.46875, 569], "SubgradPrimalRootRed": [0.484375, 835], "SubgradPrimalRedBeasleyBranch": [0.46875, 455], "LPPrimalCost": [12.234375, 22049], "LPPrimalBeasley": [5.703125, 10463], "DualRed": [0.0625, 247]}, "(13, 22, 0.3)": {"Gurobi": [0.0, 1.0], "Subgrad": [2.0, 5939], "SubgradPrimal": [4.734375, 5595], "SubgradPrimalRed": [0.28125, 391], "SubgradPrimalRootRed": [0.65625, 721], "SubgradPrimalRedBeasleyBranch": [0.765625, 315], "LPPrimalCost": [2.828125, 3739], "LPPrimalBeasley": [1.140625, 1857], "DualRed": [0.25, 333]}, "(13, 22, 0.5)": {"Gurobi": [0.046875, 161.0], "Subgrad": [22.078125, 23279], "SubgradPrimal": [13.0625, 21243], "SubgradPrimalRed": [1.34375, 1605], "SubgradPrimalRootRed": [2.0625, 2177], "SubgradPrimalRedBeasleyBranch": [1.3125, 1501], "LPPrimalCost": [14.421875, 30789], "LPPrimalBeasley": [12.765625, 21575], "DualRed": [0.609375, 1191]}, "(13, 22, 0.7)": {"Gurobi": [0.078125, 208.0], "Subgrad": [18.671875, 33841], "SubgradPrimal": [23.203125, 31691], "SubgradPrimalRed": [1.78125, 1803], "SubgradPrimalRootRed": [1.53125, 1803], "SubgradPrimalRedBeasleyBranch": [1.59375, 1727], "LPPrimalCost": [43.796875, 52303], "LPPrimalBeasley": [9.484375, 16735], "DualRed": [1.0, 1879]}, "(15, 25, 0.3)": {"Gurobi": [0.015625, 1.0], "Subgrad": [5.390625, 13107], "SubgradPrimal": [6.890625, 11467], "SubgradPrimalRed": [0.859375, 1035], "SubgradPrimalRootRed": [1.078125, 1035], "SubgradPrimalRedBeasleyBranch": [1.0625, 1219], "LPPrimalCost": [7.171875, 10991], "LPPrimalBeasley": [7.5, 11467], "DualRed": [0.703125, 947]}, "(15, 25, 0.5)": {"Gurobi": [0.078125, 1.0], "Subgrad": [12.359375, 24283], "SubgradPrimal": [12.03125, 22265], "SubgradPrimalRed": [1.015625, 907], "SubgradPrimalRootRed": [0.796875, 983], "SubgradPrimalRedBeasleyBranch": [0.96875, 811], "LPPrimalCost": [142.609375, 183221], "LPPrimalBeasley": [17.546875, 30195], "DualRed": [0.453125, 823]}, "(15, 25, 0.7)": {"Gurobi": [0.09375, 157.0], "Subgrad": [95.421875, 196615], "SubgradPrimal": [106.484375, 183087], "SubgradPrimalRed": [2.25, 1985], "SubgradPrimalRootRed": [2.125, 2107], "SubgradPrimalRedBeasleyBranch": [1.9375, 1939], "LPPrimalCost": [186.703125, 317311], "LPPrimalBeasley": [68.84375, 100963], "DualRed": [0.875, 1513]}}