{"(5, 10, 0.3)": {"Gurobi": [0.0, 0.0], "Subgrad": [0.0, 17], "SubgradPrimal": [0.03125, 15], "SubgradPrimalRed": [0.0, 5], "SubgradPrimalRootRed": [0.0, 5], "SubgradPrimalRedBeasleyBranch": [0.015625, 7], "LPPrimalCost": [0.015625, 23], "LPPrimalRed": [0.0, 17]}, "(5, 10, 0.5)": {"Gurobi": [0.0, 1.0], "Subgrad": [0.0625, 179], "SubgradPrimal": [0.046875, 185], "SubgradPrimalRed": [0.078125, 63], "SubgradPrimalRootRed": [0.0, 63], "SubgradPrimalRedBeasleyBranch": [0.046875, 63], "LPPrimalCost": [0.09375, 183], "LPPrimalRed": [0.046875, 143]}, "(5, 10, 0.7)": {"Gurobi": [0.0, 1.0], "Subgrad": [0.015625, 75], "SubgradPrimal": [0.03125, 85], "SubgradPrimalRed": [0.015625, 23], "SubgradPrimalRootRed": [0.0, 23], "SubgradPrimalRedBeasleyBranch": [0.015625, 23], "LPPrimalCost": [0.15625, 323], "LPPrimalRed": [0.046875, 203]}, "(10, 20, 0.3)": {"Gurobi": [0.015625, 1.0], "Subgrad": [3.578125, 9131], "SubgradPrimal": [4.0625, 8659], "SubgradPrimalRed": [0.984375, 1607], "SubgradPrimalRootRed": [0.90625, 1761], "SubgradPrimalRedBeasleyBranch": [0.78125, 1205], "LPPrimalCost": [20.765625, 55541], "LPPrimalRed": [2.234375, 6929]}, "(10, 20, 0.5)": {"Gurobi": [0.0, 50.0], "Subgrad": [7.015625, 15421], "SubgradPrimal": [6.640625, 14115], "SubgradPrimalRed": [1.546875, 2469], "SubgradPrimalRootRed": [1.828125, 2781], "SubgradPrimalRedBeasleyBranch": [1.84375, 2337], "LPPrimalCost": [41.140625, 124795], "LPPrimalRed": [22.5625, 63663]}, "(10, 20, 0.7)": {"Gurobi": [0.03125, 25.0], "Subgrad": [6.03125, 14057], "SubgradPrimal": [4.625, 8705], "SubgradPrimalRed": [0.40625, 609], "SubgradPrimalRootRed": [0.34375, 607], "SubgradPrimalRedBeasleyBranch": [0.515625, 559], "LPPrimalCost": [23.5625, 59405], "LPPrimalRed": [7.78125, 22905]}, "(13, 22, 0.3)": {"Gurobi": [0.0, 1.0], "Subgrad": [11.53125, 25257], "SubgradPrimal": [13.828125, 26033], "SubgradPrimalRed": [2.1875, 2427], "SubgradPrimalRootRed": [2.109375, 2849], "SubgradPrimalRedBeasleyBranch": [0.609375, 907], "LPPrimalCost": [43.984375, 117271], "LPPrimalRed": [10.765625, 31313]}, "(13, 22, 0.5)": {"Gurobi": [0.03125, 1.0], "Subgrad": [4.34375, 9147], "SubgradPrimal": [5.046875, 8837], "SubgradPrimalRed": [0.625, 949], "SubgradPrimalRootRed": [0.578125, 951], "SubgradPrimalRedBeasleyBranch": [0.53125, 795], "LPPrimalCost": [172.359375, 416059], "LPPrimalRed": [33.484375, 89971]}, "(13, 22, 0.7)": {"Gurobi": [0.0, 1.0], "Subgrad": [9.78125, 18929], "SubgradPrimal": [8.46875, 14419], "SubgradPrimalRed": [0.328125, 371], "SubgradPrimalRootRed": [0.34375, 501], "SubgradPrimalRedBeasleyBranch": [0.578125, 453], "LPPrimalCost": [157.390625, 462461], "LPPrimalRed": [51.46875, 128685]}, "(15, 25, 0.3)": {"Gurobi": [0.015625, 1.0], "Subgrad": [7.140625, 13387], "SubgradPrimal": [10.40625, 13475], "SubgradPrimalRed": [1.4375, 1631], "SubgradPrimalRootRed": [1.921875, 2077], "SubgradPrimalRedBeasleyBranch": [0.890625, 833], "LPPrimalCost": [177.734375, 439177], "LPPrimalRed": [70.828125, 115843]}, "(15, 25, 0.5)": {"Gurobi": [0.0625, 59.0], "Subgrad": [8.125, 15903], "SubgradPrimal": [7.953125, 14897], "SubgradPrimalRed": [1.109375, 1731], "SubgradPrimalRootRed": [1.03125, 1657], "SubgradPrimalRedBeasleyBranch": [1.203125, 1541], "LPPrimalCost": [NaN, NaN], "LPPrimalRed": [171.171875, 402161]}, "(15, 25, 0.7)": {"Gurobi": [0.0625, 384.0], "Subgrad": [30.375, 53149], "SubgradPrimal": [27.1875, 50545], "SubgradPrimalRed": [3.609375, 4549], "SubgradPrimalRootRed": [3.828125, 5315], "SubgradPrimalRedBeasleyBranch": [3.84375, 4841], "LPPrimalCost": [NaN, NaN], "LPPrimalRed": [NaN, NaN]}}