{"(15, 30, 0.3)": {"Gurobi": [0.03125, 43.0], "Subgrad": [NaN, 149805], "SubgradPrimal": [NaN, 116467], "SubgradPrimalRed": [36.46875, 10433], "SubgradPrimalRootRed": [26.125, 10969], "SubgradPrimalRedBeasleyBranch": [20.71875, 6819], "LPPrimalRed": [NaN, 256791]}, "(15, 30, 0.5)": {"Gurobi": [0.46875, 334.0], "Subgrad": [277.671875, 142391], "SubgradPrimal": [298.28125, 129883], "SubgradPrimalRed": [24.59375, 8495], "SubgradPrimalRootRed": [34.375, 12443], "SubgradPrimalRedBeasleyBranch": [27.109375, 8155], "LPPrimalRed": [NaN, 290941]}, "(15, 30, 0.7)": {"Gurobi": [0.09375, 141.0], "Subgrad": [NaN, 116967], "SubgradPrimal": [NaN, 98423], "SubgradPrimalRed": [72.34375, 19441], "SubgradPrimalRootRed": [59.828125, 20113], "SubgradPrimalRedBeasleyBranch": [60.578125, 16133], "LPPrimalRed": [NaN, 276683]}, "(20, 50, 0.1)": {"Gurobi": [0.0, 1.0], "Subgrad": [NaN, 224689], "SubgradPrimal": [NaN, 72011], "SubgradPrimalRed": [NaN, 67239], "SubgradPrimalRootRed": [NaN, 137329], "SubgradPrimalRedBeasleyBranch": [NaN, 80749], "LPPrimalRed": [NaN, 103461]}, "(20, 50, 0.2)": {"Gurobi": [0.015625, 64.0], "Subgrad": [NaN, 205397], "SubgradPrimal": [NaN, 86945], "SubgradPrimalRed": [NaN, 134611], "SubgradPrimalRootRed": [NaN, 229291], "SubgradPrimalRedBeasleyBranch": [NaN, 151325], "LPPrimalRed": [NaN, 123433]}, "(20, 50, 0.25)": {"Gurobi": [0.015625, 1.0], "Subgrad": [NaN, 191545], "SubgradPrimal": [NaN, 66453], "SubgradPrimalRed": [NaN, 63411], "SubgradPrimalRootRed": [NaN, 110975], "SubgradPrimalRedBeasleyBranch": [NaN, 69449], "LPPrimalRed": [NaN, 83223]}}