{"(5, 10, 0.3)": {"Gurobi": [0.046875, 0.0], "Subgrad": [0.015625, 17]}, "(5, 10, 0.5)": {"Gurobi": [0.03125, 1.0], "Subgrad": [0.171875, 177]}, "(5, 10, 0.7)": {"Gurobi": [0.015625, 1.0], "Subgrad": [0.03125, 65]}, "(10, 20, 0.3)": {"Gurobi": [0.015625, 1.0], "Subgrad": [8.578125, 8989]}, "(10, 20, 0.5)": {"Gurobi": [0.046875, 50.0], "Subgrad": [14.828125, 14047]}, "(10, 20, 0.7)": {"Gurobi": [0.078125, 25.0], "Subgrad": [15.296875, 12679]}, "(20, 50, 0.3)": {"Gurobi": [1.25, 4290.0], "Subgrad": [NaN, 355927]}, "(20, 50, 0.5)": {"Gurobi": [1.109375, 4304.0], "Subgrad": [NaN, 289047]}, "(20, 50, 0.7)": {"Gurobi": [0.203125, 185.0], "Subgrad": [NaN, 263293]}, "(50, 100, 0.3)": {"Gurobi": [157.0, 260490.0], "Subgrad": [NaN, 329465]}, "(50, 100, 0.5)": {"Gurobi": [329.40625, 402019.0], "Subgrad": [NaN, 243749]}, "(50, 100, 0.7)": {"Gurobi": [110.921875, 232328.0], "Subgrad": [NaN, 183707]}}