{"(5, 10, 0.3)": {"Gurobi": [0.046875, 0.0], "Subgrad": [0.0, 17], "SubgradPrimal": [0.0, 15], "SubgradPrimalRed": [0.0, 5], "SubgradPrimalRootRed": [0.0, 5], "SubgradPrimalRedBeasleyBranch": [0.015625, 7], "LPPrimalRed": [0.0, 23]}, "(5, 10, 0.5)": {"Gurobi": [0.0, 1.0], "Subgrad": [0.125, 179], "SubgradPrimal": [0.0625, 185], "SubgradPrimalRed": [0.09375, 63], "SubgradPrimalRootRed": [0.046875, 63], "SubgradPrimalRedBeasleyBranch": [0.125, 63], "LPPrimalRed": [0.09375, 183]}, "(5, 10, 0.7)": {"Gurobi": [0.0, 1.0], "Subgrad": [0.203125, 75], "SubgradPrimal": [0.28125, 85], "SubgradPrimalRed": [0.078125, 23], "SubgradPrimalRootRed": [0.03125, 23], "SubgradPrimalRedBeasleyBranch": [0.046875, 23], "LPPrimalRed": [0.0625, 323]}, "(10, 20, 0.3)": {"Gurobi": [0.03125, 1.0], "Subgrad": [3.34375, 9131], "SubgradPrimal": [3.25, 8659], "SubgradPrimalRed": [1.296875, 1607], "SubgradPrimalRootRed": [1.03125, 1761], "SubgradPrimalRedBeasleyBranch": [0.890625, 1205], "LPPrimalRed": [36.484375, 55541]}, "(10, 20, 0.5)": {"Gurobi": [0.03125, 50.0], "Subgrad": [23.984375, 15421], "SubgradPrimal": [24.296875, 14115], "SubgradPrimalRed": [5.9375, 2469], "SubgradPrimalRootRed": [5.734375, 2781], "SubgradPrimalRedBeasleyBranch": [5.953125, 2337], "LPPrimalRed": [85.40625, 124795]}, "(10, 20, 0.7)": {"Gurobi": [0.03125, 25.0], "Subgrad": [22.140625, 14057], "SubgradPrimal": [15.5625, 8705], "SubgradPrimalRed": [1.65625, 609], "SubgradPrimalRootRed": [1.40625, 607], "SubgradPrimalRedBeasleyBranch": [1.71875, 559], "LPPrimalRed": [155.796875, 209799]}, "(13, 22, 0.3)": {"Gurobi": [0.0, 1.0], "Subgrad": [39.921875, 25257], "SubgradPrimal": [48.390625, 26033], "SubgradPrimalRed": [6.0, 2427], "SubgradPrimalRootRed": [6.03125, 2849], "SubgradPrimalRedBeasleyBranch": [2.28125, 907], "LPPrimalRed": [85.1875, 117271]}, "(13, 22, 0.5)": {"Gurobi": [0.015625, 1.0], "Subgrad": [17.34375, 9147], "SubgradPrimal": [17.515625, 8837], "SubgradPrimalRed": [2.9375, 949], "SubgradPrimalRootRed": [2.53125, 951], "SubgradPrimalRedBeasleyBranch": [2.125, 795], "LPPrimalRed": [NaN, NaN]}, "(13, 22, 0.7)": {"Gurobi": [0.015625, 1.0], "Subgrad": [29.5, 18929], "SubgradPrimal": [29.25, 14419], "SubgradPrimalRed": [1.109375, 371], "SubgradPrimalRootRed": [1.265625, 501], "SubgradPrimalRedBeasleyBranch": [1.171875, 453], "LPPrimalRed": [NaN, NaN]}, "(15, 25, 0.3)": {"Gurobi": [0.0, 1.0], "Subgrad": [22.09375, 13387], "SubgradPrimal": [27.859375, 13475], "SubgradPrimalRed": [5.109375, 1631], "SubgradPrimalRootRed": [5.796875, 2077], "SubgradPrimalRedBeasleyBranch": [2.34375, 833], "LPPrimalRed": [NaN, NaN]}, "(15, 25, 0.5)": {"Gurobi": [0.0, 59.0], "Subgrad": [28.96875, 15903], "SubgradPrimal": [29.796875, 14897], "SubgradPrimalRed": [5.734375, 1731], "SubgradPrimalRootRed": [4.203125, 1657], "SubgradPrimalRedBeasleyBranch": [4.703125, 1541], "LPPrimalRed": [NaN, NaN]}, "(15, 25, 0.7)": {"Gurobi": [0.046875, 384.0], "Subgrad": [104.015625, 53149], "SubgradPrimal": [113.828125, 50545], "SubgradPrimalRed": [17.125, 4549], "SubgradPrimalRootRed": [15.078125, 5315], "SubgradPrimalRedBeasleyBranch": [18.0, 4841], "LPPrimalRed": [NaN, NaN]}, "(20, 40, 0.3)": {"Gurobi": [0.375, 174.0], "Subgrad": [NaN, NaN], "SubgradPrimal": [NaN, NaN], "SubgradPrimalRed": [NaN, NaN], "SubgradPrimalRootRed": [NaN, NaN], "SubgradPrimalRedBeasleyBranch": [NaN, NaN], "LPPrimalRed": [NaN, NaN]}, "(20, 40, 0.5)": {"Gurobi": [0.3125, 573.0], "Subgrad": [NaN, NaN], "SubgradPrimal": [NaN, NaN], "SubgradPrimalRed": [NaN, NaN], "SubgradPrimalRootRed": [NaN, NaN], "SubgradPrimalRedBeasleyBranch": [235.359375, 62615], "LPPrimalRed": [NaN, NaN]}, "(20, 40, 0.7)": {"Gurobi": [0.359375, 1865.0], "Subgrad": [NaN, NaN], "SubgradPrimal": [NaN, NaN], "SubgradPrimalRed": [NaN, NaN], "SubgradPrimalRootRed": [NaN, NaN], "SubgradPrimalRedBeasleyBranch": [NaN, NaN], "LPPrimalRed": [NaN, NaN]}}