{"(5, 10, 0.3)": {"Gurobi": [0.015625, 0.0], "Subgrad": [0.0, 17], "SubgradPrimal": [0.0, 15], "SubgradPrimalRed": [0.0, 5], "SubgradPrimalRootRed": [0.0, 5], "SubgradPrimalRedBeasleyBranch": [0.0, 7], "LPPrimalRed": [0.0, 23]}, "(5, 10, 0.5)": {"Gurobi": [0.0, 1.0], "Subgrad": [0.09375, 179], "SubgradPrimal": [0.171875, 185], "SubgradPrimalRed": [0.140625, 63], "SubgradPrimalRootRed": [0.125, 63], "SubgradPrimalRedBeasleyBranch": [0.140625, 63], "LPPrimalRed": [0.109375, 183]}, "(5, 10, 0.7)": {"Gurobi": [0.0, 1.0], "Subgrad": [0.015625, 75], "SubgradPrimal": [0.0625, 85], "SubgradPrimalRed": [0.03125, 23], "SubgradPrimalRootRed": [0.0, 23], "SubgradPrimalRedBeasleyBranch": [0.015625, 23], "LPPrimalRed": [0.1875, 323]}, "(10, 20, 0.3)": {"Gurobi": [0.0, 1.0], "Subgrad": [11.46875, 9131], "SubgradPrimal": [14.578125, 8659], "SubgradPrimalRed": [3.875, 1607], "SubgradPrimalRootRed": [3.0625, 1761], "SubgradPrimalRedBeasleyBranch": [3.0625, 1205], "LPPrimalRed": [39.765625, 55541]}, "(10, 20, 0.5)": {"Gurobi": [0.015625, 50.0], "Subgrad": [23.4375, 15421], "SubgradPrimal": [24.75, 14115], "SubgradPrimalRed": [5.71875, 2469], "SubgradPrimalRootRed": [4.84375, 2781], "SubgradPrimalRedBeasleyBranch": [5.21875, 2337], "LPPrimalRed": [83.109375, 124795]}, "(10, 20, 0.7)": {"Gurobi": [0.03125, 25.0], "Subgrad": [19.8125, 14057], "SubgradPrimal": [18.6875, 8705], "SubgradPrimalRed": [1.953125, 609], "SubgradPrimalRootRed": [1.859375, 607], "SubgradPrimalRedBeasleyBranch": [1.859375, 559], "LPPrimalRed": [165.828125, 209799]}, "(13, 22, 0.3)": {"Gurobi": [0.015625, 1.0], "Subgrad": [42.71875, 25257], "SubgradPrimal": [49.078125, 26033], "SubgradPrimalRed": [6.75, 2427], "SubgradPrimalRootRed": [6.46875, 2849], "SubgradPrimalRedBeasleyBranch": [2.625, 907], "LPPrimalRed": [94.09375, 117271]}, "(13, 22, 0.5)": {"Gurobi": [0.0, 1.0], "Subgrad": [16.125, 9147], "SubgradPrimal": [19.828125, 8837], "SubgradPrimalRed": [2.984375, 949], "SubgradPrimalRootRed": [2.796875, 951], "SubgradPrimalRedBeasleyBranch": [2.453125, 795], "LPPrimalRed": [NaN, NaN]}, "(13, 22, 0.7)": {"Gurobi": [0.015625, 1.0], "Subgrad": [28.421875, 18929], "SubgradPrimal": [28.734375, 14419], "SubgradPrimalRed": [1.3125, 371], "SubgradPrimalRootRed": [1.5, 501], "SubgradPrimalRedBeasleyBranch": [1.328125, 453], "LPPrimalRed": [NaN, NaN]}, "(15, 25, 0.3)": {"Gurobi": [0.0, 1.0], "Subgrad": [19.078125, 13387], "SubgradPrimal": [23.1875, 13475], "SubgradPrimalRed": [5.375, 1631], "SubgradPrimalRootRed": [5.6875, 2077], "SubgradPrimalRedBeasleyBranch": [2.75, 833], "LPPrimalRed": [NaN, NaN]}, "(15, 25, 0.5)": {"Gurobi": [0.015625, 59.0], "Subgrad": [28.46875, 15903], "SubgradPrimal": [29.21875, 14897], "SubgradPrimalRed": [5.078125, 1731], "SubgradPrimalRootRed": [3.765625, 1657], "SubgradPrimalRedBeasleyBranch": [4.328125, 1541], "LPPrimalRed": [NaN, NaN]}, "(15, 25, 0.7)": {"Gurobi": [0.046875, 384.0], "Subgrad": [84.9375, 53149], "SubgradPrimal": [100.375, 50545], "SubgradPrimalRed": [15.5625, 4549], "SubgradPrimalRootRed": [13.75, 5315], "SubgradPrimalRedBeasleyBranch": [15.640625, 4841], "LPPrimalRed": [NaN, NaN]}, "(20, 40, 0.3)": {"Gurobi": [0.03125, 174.0], "Subgrad": [NaN, NaN], "SubgradPrimal": [NaN, NaN], "SubgradPrimalRed": [NaN, NaN], "SubgradPrimalRootRed": [NaN, NaN], "SubgradPrimalRedBeasleyBranch": [NaN, NaN], "LPPrimalRed": [NaN, NaN]}, "(20, 40, 0.5)": {"Gurobi": [0.375, 573.0], "Subgrad": [NaN, NaN], "SubgradPrimal": [NaN, NaN], "SubgradPrimalRed": [NaN, NaN], "SubgradPrimalRootRed": [NaN, NaN], "SubgradPrimalRedBeasleyBranch": [253.96875, 62615], "LPPrimalRed": [NaN, NaN]}, "(20, 40, 0.7)": {"Gurobi": [0.3125, 1865.0], "Subgrad": [NaN, NaN], "SubgradPrimal": [NaN, NaN], "SubgradPrimalRed": [NaN, NaN], "SubgradPrimalRootRed": [NaN, NaN], "SubgradPrimalRedBeasleyBranch": [NaN, NaN], "LPPrimalRed": [NaN, NaN]}}